"tile","band","increment","decrease","mean_height","average_difference","avg_abs_diff","avg_difference_percent","avg_abs_diff_perc","correlation","std_dev","out_name","year"
"","",0,"",0,0,0,0,0,0,0,"",""
"","",0,"",0,0,0,0,0,0,0,"",""
"10TES","",NA,NA,23.3625396803093,3.28134233811657,3.62067897869549,24.0411713841296,25.748032129777,0.907051437360541,3.32886495171418,"10TES_shuffle20","2020"
"17SNB","",NA,NA,21.3352247381217,5.1386669956942,5.30627566369883,30.4140739378326,31.2964578533216,0.759759203949752,3.52945299931722,"17SNB_shuffle20","2020"
